password,first name,last_name,address,phone,email
eu,Fulton,Talley,595-405 Facilisis St.,(944) 736-2278,aenean.egestas@yahoo.org
ligula,Joelle,Rodriquez,Ap #207-2724 Quisque St.,1-475-647-0488,cubilia.curae@aol.org
"sapien,",Lacota,Massey,Ap #472-945 Curabitur Street,1-946-289-7869,ac.orci.ut@aol.com
vel,Aaron,Mcleod,Ap #744-2912 Fringilla. Road,1-376-760-8553,a.malesuada.id@icloud.ca
tellus,Calista,Mitchell,7656 Auctor Rd.,(303) 704-0543,condimentum@protonmail.com
dapibus,Brenden,Reese,Ap #422-9265 Pulvinar Road,(847) 374-3552,aliquet.proin.velit@google.couk
Cras,Harrison,Huber,470 Aliquet Avenue,(820) 818-7879,amet.ultricies@outlook.net
justo,Myra,Hunter,Ap #977-3757 Et Avenue,(407) 656-0683,pellentesque.tellus@hotmail.ca
Curabitur,Otto,Stewart,"3851 Non, Street",1-241-311-5365,enim@outlook.ca
enim,Fay,Kinney,287-7308 Massa St.,1-215-258-8283,adipiscing.enim.mi@aol.edu
ipsum,Sylvia,Parks,"P.O. Box 687, 674 Metus Street",(589) 375-6633,non.vestibulum.nec@yahoo.ca
"tempor,",Hamilton,Ball,Ap #951-2471 Praesent Rd.,(638) 980-7980,nunc.sed@google.net
sem.,Jin,Thomas,6858 Nisi Av.,(742) 386-8627,eu.tempor.erat@protonmail.net
blandit,Isaiah,Cunningham,193-5597 Nulla Street,1-792-327-2621,semper.tellus.id@outlook.org
mus.,Ezekiel,Thompson,553-9119 Amet Rd.,(749) 966-6806,tincidunt.dui@hotmail.edu
blandit,Constance,Willis,Ap #936-257 Cras Av.,(382) 396-9716,nulla.donec.non@aol.edu
tristique,Inga,Wyatt,Ap #230-5375 Felis. Ave,(812) 752-4757,mauris@outlook.edu
"vitae,",Porter,Black,647-1880 Malesuada Road,(574) 771-1417,vehicula@google.ca
faucibus,Avye,Rose,Ap #377-6536 Lacus. Avenue,1-431-167-7317,molestie.in@yahoo.net
eget,Lee,Harrington,"988-1435 Lectus, St.",1-216-313-6224,ornare.lectus@aol.ca
Nulla,Dalton,Gonzalez,Ap #971-2265 Quisque Street,1-425-396-5896,dui.in.sodales@yahoo.couk
habitant,Audra,Barron,"P.O. Box 643, 324 A St.",(137) 556-7156,vel@icloud.net
risus.,Cooper,Hall,1317 Velit. Street,1-258-778-6751,tristique.pellentesque@hotmail.org
Nullam,Shaine,Brewer,Ap #451-5735 Ac St.,(358) 568-2256,sed.pede@google.edu
enim,Darius,Mcknight,Ap #354-8896 Vulputate St.,1-574-382-3725,nunc.ac.mattis@aol.org
nunc,Bradley,Franks,Ap #130-8887 Phasellus Ave,(577) 533-7350,semper.pretium.neque@aol.ca
pellentesque.,Julian,Washington,3229 Ac Road,(505) 472-0336,orci@aol.ca
Suspendisse,Amir,Bentley,559-9964 Nec Ave,(684) 421-2752,auctor.odio@yahoo.couk
malesuada,Nash,Mason,Ap #740-1942 Tempor St.,1-736-743-6148,consequat.enim.diam@protonmail.couk
per,Brian,Forbes,1412 Sit Ave,1-176-469-1641,eget.laoreet.posuere@yahoo.org
orci.,Violet,Carr,206-2720 Integer Road,1-364-588-4648,consectetuer@outlook.com
dictum.,David,Dunlap,"456-3531 Convallis, Rd.",(633) 227-2484,mi.fringilla@outlook.ca
lacus.,Zephr,Frank,973 Cras Ave,(372) 310-4161,vel.arcu@aol.couk
Mauris,Sydney,Skinner,Ap #480-3792 Bibendum. Street,1-387-431-6457,phasellus.elit@outlook.ca
"id,",Upton,Allison,7422 Tellus. St.,1-148-873-2889,duis.elementum@google.edu
sed,Xena,Massey,"P.O. Box 431, 4218 Donec Avenue",1-325-475-1483,tellus.suspendisse.sed@outlook.couk
Cum,Simon,Jacobs,413-4077 Nec Rd.,(809) 863-1345,metus.vitae@outlook.ca
"fringilla,",Olympia,Roman,6468 Ut St.,1-772-385-9886,a@google.com
eget,Victor,Valencia,Ap #695-8290 Mauris St.,(872) 649-8826,in.consectetuer@aol.edu
ipsum.,Guy,Kemp,514-7508 Sem Ave,1-894-523-5306,aliquam.adipiscing.lacus@aol.net
Mauris,Reese,Hunter,"P.O. Box 415, 6465 Interdum. Rd.",1-982-654-4152,semper@hotmail.edu
euismod,Lynn,Knowles,588-6086 Orci St.,(362) 632-6038,mus.proin.vel@outlook.edu
mauris.,Kennedy,Aguirre,"P.O. Box 869, 4527 Aenean St.",(131) 546-1019,vulputate.ullamcorper.magna@outlook.ca
adipiscing,Theodore,Mccarty,341-9159 Cum Ave,1-583-218-9428,pede@icloud.edu
sagittis,Paki,Bruce,"Ap #866-1838 Id, Avenue",(853) 834-1118,ipsum@hotmail.net
dictum.,Aretha,Wiggins,168-6445 Sit St.,1-763-595-7658,etiam@outlook.org
euismod,Rudyard,Mccarty,3525 Eget Ave,1-220-555-7184,aliquet.vel@outlook.org
eget,Fay,Dillard,"P.O. Box 789, 8471 Lorem Street",1-240-864-7744,eu.nibh@protonmail.net
turpis,Ignacia,Singleton,522-1098 Feugiat. Road,(819) 872-1313,blandit.mattis@protonmail.ca
Aliquam,Wyoming,Ramos,692-2753 Ullamcorper. St.,(843) 771-2888,ut@aol.org
nec,Nichole,Cunningham,Ap #658-3341 Est Ave,1-387-600-3113,non@aol.net
tristique,Vladimir,Chaney,525-9448 Nulla Road,(321) 573-4014,vel.faucibus@protonmail.com
risus.,Vincent,Bailey,327-5605 At St.,(546) 974-9056,id@protonmail.couk
Cum,Melodie,Goodman,1392 Dignissim Ave,(553) 677-3768,ornare.fusce@google.edu
metus.,Anika,Mcfadden,Ap #998-9476 Urna. Street,(358) 447-2537,dapibus.rutrum@outlook.edu
varius,Halee,Harris,317-9285 Vehicula Ave,(369) 343-8856,ac.arcu@aol.couk
dignissim.,Kelsie,Chan,Ap #604-3182 Primis Av.,1-963-337-4746,amet.ornare@hotmail.edu
fames,Deacon,Stark,Ap #680-6341 Tellus Road,1-794-524-4363,fusce@aol.org
ante,Gillian,Burke,211-1129 Vestibulum Ave,(481) 364-6496,dolor@icloud.couk
nisi,Talon,Wolfe,"323-1040 Consequat, St.",(842) 660-2242,amet.consectetuer.adipiscing@yahoo.com
arcu,Adria,Chaney,Ap #200-5808 Vitae Avenue,(423) 380-4504,dictum.phasellus.in@google.couk
odio,Emerson,Carpenter,"P.O. Box 325, 3089 Sem. Street",1-707-585-1604,curabitur@google.net
pretium,Stella,Koch,366-2404 Donec Rd.,1-872-573-9376,lobortis.nisi@hotmail.org
molestie,Knox,Castillo,Ap #834-1250 Dolor. Avenue,1-175-234-9577,primis.in.faucibus@protonmail.com
ultrices,Chancellor,Rollins,"P.O. Box 415, 2900 Id, Av.",1-588-838-2120,fusce@outlook.org
turpis.,Cheryl,Gibson,"P.O. Box 279, 188 Non Av.",(861) 439-3034,nibh.phasellus.nulla@outlook.edu
Sed,Scarlett,Mcneil,165-7269 Sit Rd.,1-581-364-6210,non.enim@icloud.net
Aenean,Jamalia,Ware,312-2380 Arcu St.,(363) 775-5718,eu.neque@icloud.org
sit,Tana,Adkins,"545-940 Aliquet, Street",(645) 867-4957,sed.orci@hotmail.ca
pede,Yoshio,Brock,Ap #550-2462 Sit St.,1-836-212-2928,dui.cras@aol.ca
"ante,",Athena,Campos,Ap #424-8614 Adipiscing Av.,1-682-573-6671,facilisis.facilisis@icloud.couk
"vitae,",Martina,Cannon,151-3082 Nibh. Avenue,1-288-811-5517,mauris@hotmail.net
erat.,Constance,Stanley,538-474 Mus. Av.,1-623-796-5337,eros.nam@protonmail.couk
"nec,",Aladdin,Glenn,904-1330 Suspendisse St.,1-463-452-4706,quis.pede@icloud.edu
"convallis,",Kibo,Meyer,"P.O. Box 689, 5891 Eget St.",(395) 584-1328,vitae.posuere@outlook.org
Nullam,Shafira,Mejia,Ap #511-2366 Dictum. Rd.,(729) 614-8343,integer@aol.com
augue,Daria,Hull,Ap #790-5875 Dolor Avenue,1-214-867-8685,in@icloud.ca
ornare,Russell,Reeves,"P.O. Box 982, 9153 Dui Street",(743) 437-6147,eu.placerat@google.couk
Aenean,Raphael,Santiago,Ap #439-2522 Phasellus Avenue,1-685-959-8348,morbi.non@icloud.com
cursus,Hashim,Albert,"P.O. Box 326, 9349 Sapien. St.",(505) 172-4983,cursus.integer@google.com
in,Azalia,Woodard,"P.O. Box 232, 1198 Ornare, Street",1-174-993-2945,in.scelerisque@icloud.org
ornare,Brenden,Weaver,878-6266 Phasellus Road,(761) 176-4118,enim@hotmail.edu
"nec,",Orla,Mitchell,"Ap #625-5158 Lobortis, Rd.",(863) 523-2418,at.pretium.aliquet@aol.couk
porttitor,Axel,Ford,3701 Pede Ave,(205) 424-4757,cursus@protonmail.org
Sed,Carol,Short,6657 Integer Avenue,1-716-824-1827,mauris.blandit@outlook.org
semper,Xanthus,Garner,Ap #239-7938 Dictum Road,(431) 244-1785,integer.vulputate@google.ca
erat,Nell,Stanley,Ap #107-1088 Gravida Road,1-686-467-4590,egestas.ligula@hotmail.couk
ipsum,Bruce,Becker,"7917 Pellentesque, Avenue",(476) 208-7233,dictum.phasellus@aol.net
Sed,Lamar,Gilliam,875-2239 Accumsan Av.,(452) 524-5154,faucibus.orci.luctus@icloud.net
nunc,Stephen,Luna,891-114 Per Avenue,(532) 222-5093,lectus.ante.dictum@icloud.org
nulla.,Sydnee,Maynard,229-4850 Libero. Street,1-786-614-7155,nascetur.ridiculus@google.com
euismod,Gil,Conner,272-453 Integer St.,(702) 407-6278,cum.sociis.natoque@google.com
sapien,Thomas,Walters,2804 Eu Ave,(213) 101-3172,sodales.at@aol.ca
mauris,Denton,Clayton,"P.O. Box 701, 328 Dignissim St.",(365) 385-3765,rutrum.eu@aol.couk
magna.,Lydia,Montoya,Ap #553-5449 Nunc St.,(624) 837-4313,adipiscing.elit.curabitur@outlook.ca
nonummy,Fritz,Roberts,Ap #833-5307 Cras Road,1-783-815-9367,auctor.odio@protonmail.net
faucibus,Joshua,Mayer,"336-8852 Non, St.",(814) 288-1554,dolor.sit@icloud.org
Aliquam,Chancellor,Hardin,Ap #245-9541 Diam Ave,(818) 848-1742,odio@aol.couk
orci,Bradley,Kirby,Ap #617-8389 Pellentesque. Street,(944) 462-6372,in.hendrerit@aol.com
eget,Galvin,Hahn,Ap #550-4653 Lectus. Rd.,1-697-376-2877,ridiculus.mus.donec@hotmail.couk
nulla.,Rooney,Anderson,"P.O. Box 156, 8571 Malesuada Road",(722) 674-6822,erat.sed@protonmail.org
"tortor,",Tad,Tran,251-9216 Dictum St.,1-631-722-8511,aliquam.rutrum@outlook.com
turpis,Kennedy,Rodriquez,"P.O. Box 165, 525 Ligula Av.",1-763-662-7081,nec.leo@aol.net
eros,Beverly,Rose,Ap #616-2431 Urna St.,(223) 416-5640,etiam.imperdiet@outlook.ca
Quisque,Anjolie,Pacheco,399-612 Quis Rd.,1-844-943-4681,elementum.sem@hotmail.ca
Phasellus,Cedric,Shepherd,681-458 Aliquet St.,(618) 508-5944,convallis.erat@yahoo.couk
sapien.,Wing,Simmons,Ap #671-705 Nec Road,1-845-684-4552,et.malesuada.fames@yahoo.com
eu,Lance,Decker,696-8654 Ut Ave,(513) 796-8764,integer.vitae@icloud.edu
"at,",Pamela,Meadows,653-3987 Arcu. Av.,(786) 293-3796,nunc.quis@google.com
Ut,Zeph,Bowman,824-1426 Faucibus Rd.,1-515-861-7611,gravida.praesent.eu@hotmail.org
Fusce,Basil,Kaufman,Ap #929-4922 Tortor. St.,1-219-368-3118,duis.mi@google.edu
sodales.,Briar,Barker,"P.O. Box 212, 6541 At Av.",(957) 414-6265,nunc.ut@aol.com
"semper,",Laith,Lowery,2316 Maecenas Ave,(288) 447-7148,proin.ultrices.duis@hotmail.edu
"sem,",Doris,Macdonald,"P.O. Box 434, 174 Non, Street",1-484-412-1174,ridiculus.mus@icloud.ca
sapien,Chastity,Holland,586-5492 Orci. Rd.,(825) 451-5173,laoreet.libero.et@aol.ca
vitae,Anthony,Charles,Ap #549-3074 Malesuada Rd.,1-316-417-2304,vivamus.nibh@protonmail.ca
et,Calvin,Carrillo,400-7983 Iaculis Ave,1-477-702-3996,pede.praesent@hotmail.ca
arcu,Porter,Kent,Ap #717-4611 Curabitur Rd.,1-548-347-4738,luctus.et@google.com
adipiscing,Marshall,Ball,"280-3624 Erat, Rd.",1-635-484-1670,urna.convallis@yahoo.couk
metus.,Carla,Roy,Ap #675-5567 Sagittis St.,1-433-378-1330,nisl.elementum.purus@hotmail.com
mattis,Martina,Ashley,"P.O. Box 585, 9819 Ac St.",1-356-563-3838,libero.dui.nec@hotmail.couk
sapien,Kaitlin,Sampson,206-4421 Vel Rd.,(588) 231-1788,blandit.nam@icloud.edu
Sed,Zephania,Hart,"Ap #487-5728 Lorem, Street",(435) 742-2712,lorem.donec@google.couk
mattis,Brenda,Moore,7647 Enim Rd.,(116) 758-6129,donec.est@icloud.edu
ac,Allegra,Spears,7613 Consequat St.,(714) 877-7343,magna.tellus@outlook.org
lacus.,Kieran,Kelley,281-2576 Mauris St.,1-761-358-8820,dui.cras@yahoo.org
porttitor,Constance,Rodriguez,Ap #300-2062 Taciti Rd.,(583) 385-1479,aliquam.eros@yahoo.org
et,Emerson,Hubbard,2752 Dolor. Ave,(938) 758-5617,cras@hotmail.couk
ipsum,Tanek,Dotson,Ap #419-6743 Tellus. Rd.,(518) 869-0878,non.vestibulum@hotmail.ca
Ut,Shellie,Olson,"P.O. Box 314, 6657 Augue, St.",(856) 272-0593,tincidunt.vehicula@protonmail.com
magna,Kato,Holloway,"574-647 Non, Street",1-770-482-1347,elementum.lorem@protonmail.couk
Cras,Zeus,Buchanan,342-4103 Ac Rd.,(706) 870-6173,volutpat.nunc@aol.com
laoreet,Neil,Thornton,Ap #690-6152 Magna. St.,(825) 116-6805,justo@outlook.couk
Nullam,Dalton,Freeman,"5327 Non, Avenue",(557) 697-3534,elit@google.org
tempor,Maggie,George,Ap #980-5229 Elementum Road,1-113-742-4643,cubilia.curae@hotmail.edu
dolor.,Urielle,Montgomery,8651 Eu Av.,1-522-362-4455,felis.ullamcorper@icloud.org
nec,Regan,Terry,394-9946 Iaculis Ave,1-289-597-8634,lacinia.mattis.integer@hotmail.org
libero,Thomas,Patterson,884-8828 Convallis Avenue,1-418-282-6074,dictum@hotmail.com
felis,Denton,Lewis,"P.O. Box 978, 8080 Auctor, Ave",(866) 597-3717,lacus.vestibulum.lorem@outlook.com
eu,Isabella,Morrison,986-3578 Semper. Rd.,1-633-762-9353,nunc.nulla@hotmail.net
ridiculus,Linus,Cruz,Ap #464-1568 Ut St.,(514) 154-7365,pede.ac@google.edu
magna.,Arsenio,Baird,Ap #983-4858 Adipiscing Rd.,1-753-210-0903,nulla.eu@outlook.com
"purus,",Zane,Mcfadden,Ap #935-3040 Proin Rd.,1-574-541-3107,risus.a.ultricies@protonmail.org
imperdiet,Rana,Livingston,208-6614 Curabitur Ave,1-867-216-9308,tristique.senectus.et@yahoo.net
orci.,Amos,Merritt,"791-957 Non, St.",(845) 634-3545,luctus@hotmail.ca
sed,Kasper,Sweeney,1663 A Avenue,(916) 632-7284,ultrices.sit@aol.couk
cursus,Bethany,Bishop,"9961 Montes, Ave",1-586-644-7129,bibendum.fermentum@aol.couk
porttitor,Griffin,Richmond,"P.O. Box 240, 288 Vitae St.",(681) 472-4216,hymenaeos.mauris@hotmail.org
malesuada,Signe,Finley,199-5301 Ipsum St.,1-827-914-1822,nonummy.ultricies@hotmail.ca
ante.,Melvin,Britt,Ap #515-9228 Fringilla Road,(722) 374-3267,lectus@protonmail.org
eget,Gillian,Boyle,Ap #938-6346 Ultricies St.,(375) 556-6013,phasellus.vitae.mauris@outlook.edu
tempus,Tatum,Miller,Ap #887-9953 Sem Ave,1-726-163-1454,dui.semper@yahoo.ca
quam,Calvin,Hayden,"225-4409 Vel, Road",(857) 991-3401,sem.molestie.sodales@google.org
Pellentesque,Nero,Rivas,976-6161 Vitae Ave,(751) 216-7155,hymenaeos.mauris@outlook.net
amet,Tanya,Lancaster,"527-459 Leo, Street",(721) 154-1775,libero.est.congue@google.ca
ipsum,Lillith,Bradford,Ap #590-2245 Quis Av.,1-874-162-1713,ut.nec@google.com
sit,Kylie,Boyle,"Ap #821-9912 Amet, Ave",1-387-809-3013,semper.erat@hotmail.couk
auctor,Blythe,Bright,Ap #347-9087 Felis St.,(829) 435-2132,dictum.ultricies@icloud.com
"posuere,",Kane,Hayden,"P.O. Box 149, 2756 Eu, Ave",1-985-552-2303,nam.ac@outlook.net
non,Ulla,Dawson,365-563 A Av.,(433) 393-5625,commodo.auctor@outlook.couk
ac,Ginger,Burns,"692-1783 Ut, Av.",1-296-475-7596,tellus.lorem@protonmail.ca
purus,Howard,Berg,249-6956 Lacus. Rd.,1-412-351-0664,cursus@outlook.net
Aliquam,Belle,Stanley,564-5962 Phasellus Road,(598) 577-4325,libero@protonmail.edu
porttitor,Odysseus,Harris,888-1677 Blandit Ave,(649) 290-1148,varius@hotmail.couk
fringilla,Karly,Reeves,"P.O. Box 791, 544 Purus St.",(326) 243-8336,turpis.nec@aol.org
"montes,",Wynne,Clay,737-4356 Mi Av.,1-445-524-8474,eu.ligula@icloud.org
Curae,Burton,Lott,9329 Tempus Avenue,(228) 114-8183,aliquet.metus@protonmail.com
tempor,Brianna,Powell,Ap #324-6120 In Av.,1-514-244-9566,tempor.arcu.vestibulum@aol.couk
Ut,Carson,Booker,Ap #779-6010 In Avenue,1-447-401-4397,tempus.mauris@hotmail.org
ante,Tarik,Sandoval,Ap #198-448 Tempus Road,1-224-467-8249,ultrices.vivamus@hotmail.couk
Etiam,Meghan,Greer,"P.O. Box 223, 4166 Aliquet. Street",1-426-348-2985,non.sapien@aol.couk
rutrum,Leonard,Rosa,Ap #675-2570 Tellus. Road,1-210-288-1862,eu.odio.tristique@outlook.edu
enim.,Jeanette,Pollard,"P.O. Box 709, 6931 Nulla Street",1-837-217-7145,velit.quisque@outlook.org
diam.,Colton,Osborn,"P.O. Box 803, 4674 Nisl Rd.",(273) 477-2321,eget.laoreet.posuere@yahoo.couk
semper,Demetrius,Hardin,348-2003 Scelerisque Rd.,(795) 366-5317,montes.nascetur.ridiculus@icloud.com
metus.,Prescott,Blair,Ap #858-6991 Nulla Road,1-919-128-4320,augue.id.ante@yahoo.com
auctor,Fletcher,Rivera,Ap #109-9751 Donec St.,(551) 211-2836,sem.vitae@outlook.net
magna.,Owen,Zimmerman,Ap #324-3401 Mauris Rd.,1-371-491-9899,vitae@google.ca
adipiscing,Pascale,Hobbs,Ap #486-6935 Dui St.,1-986-922-4271,hendrerit.a@hotmail.ca
vestibulum.,Vivien,Huber,Ap #109-4975 Lobortis St.,1-285-215-9586,aliquet.sem@yahoo.ca
Donec,Rhoda,Chandler,Ap #798-8755 Cras Avenue,(768) 642-5368,nec@yahoo.ca
id,Ruth,Mcintyre,930-5495 Habitant Avenue,1-872-358-8836,feugiat.lorem@protonmail.edu
Aliquam,Evan,Marsh,267-1706 Fusce Rd.,1-626-934-1203,taciti.sociosqu.ad@outlook.com
ipsum,Reese,Brooks,Ap #984-3562 Justo Rd.,(471) 408-0698,nunc.sit@hotmail.com
molestie,Erica,Herrera,"Ap #453-8546 Orci, Rd.",(577) 184-5648,nibh.aliquam.ornare@hotmail.com
"nostra,",Mara,Caldwell,Ap #118-7833 Felis. Ave,(787) 564-9635,maecenas.iaculis@outlook.com
lacinia,Quyn,Velez,"P.O. Box 122, 152 Lobortis St.",(566) 898-3126,nunc.ullamcorper.velit@hotmail.org
euismod,Ferdinand,Ayala,"P.O. Box 116, 8028 Cursus. Ave",1-201-482-0988,praesent.eu@aol.couk
vehicula,May,Kane,"Ap #975-8172 Mauris, St.",1-797-945-1133,non@outlook.couk
"elit,",Sarah,Nash,"P.O. Box 119, 2015 Ad Av.",(703) 472-2878,nisl.arcu.iaculis@yahoo.couk
at,Zeph,Wiggins,506-2500 Aenean Road,1-403-282-3271,a.purus.duis@hotmail.net
adipiscing,Vaughan,Pierce,"P.O. Box 669, 4698 Vehicula. Road",1-168-573-4548,dis@outlook.org
imperdiet,Clio,Blair,Ap #185-4264 At Ave,1-676-367-9546,sed.eu@hotmail.net
Duis,Hyacinth,Dodson,Ap #331-7736 Nibh. St.,(489) 650-6941,consequat.dolor@yahoo.ca
risus.,McKenzie,Sosa,Ap #444-9201 Nisl St.,1-806-372-5442,odio.nam.interdum@google.net
Mauris,Willow,Estrada,Ap #261-6043 Metus. Road,1-211-235-8288,dui.fusce@outlook.net
enim,Nichole,Britt,"2897 Ac, Ave",(354) 476-4174,eleifend@protonmail.couk
gravida.,Aaron,Dickson,8872 Mollis. Rd.,(251) 607-1771,dictum.sapien@yahoo.couk
Donec,Rahim,Kirk,"P.O. Box 125, 3511 A, St.",(475) 110-3783,lorem.lorem@google.com
mollis,Drew,Chapman,1752 Feugiat Rd.,1-447-866-4831,non@aol.couk
condimentum.,Hayfa,Goodwin,Ap #846-4588 Phasellus Road,(767) 682-2084,dictum.sapien.aenean@outlook.ca
enim,Bert,Clayton,707-8682 Nam Rd.,1-438-786-5374,ut.odio@hotmail.edu
aliquet,Claire,Johnston,"Ap #415-8860 Eu, Street",(811) 543-7550,in.magna@protonmail.couk
Vestibulum,Bruno,Williams,3998 Fringilla Road,1-714-891-8663,consectetuer.adipiscing.elit@protonmail.net
Integer,Lucy,Williamson,5093 Velit. St.,(553) 914-9621,lobortis.mauris.suspendisse@yahoo.couk
convallis,Wang,Hendrix,Ap #815-3065 Tincidunt Street,1-351-530-7566,ipsum@protonmail.net
erat.,Chantale,Livingston,Ap #182-977 Orci. Av.,(838) 466-2841,lectus@aol.ca
magnis,Signe,Kerr,3316 Vestibulum St.,(272) 894-1658,mauris.rhoncus.id@hotmail.net
turpis.,Talon,Estes,"P.O. Box 921, 8639 Enim St.",(523) 851-7308,ut.eros@icloud.com
arcu,Keith,Hodges,Ap #594-3695 Libero. Road,1-848-274-4966,consequat.purus@icloud.com
Duis,Flynn,Lindsay,9185 Leo Ave,(815) 398-4628,enim.nisl.elementum@protonmail.com
tortor.,Samantha,Dalton,Ap #664-6091 Non Rd.,(338) 701-7281,semper.erat@google.net
ultricies,Eliana,Hood,423-6108 Nunc Avenue,(758) 727-8338,quam.vel.sapien@yahoo.net
habitant,Elmo,Little,424-3606 Nec Rd.,1-776-391-9233,purus.in.molestie@hotmail.net
Aliquam,Callie,Herrera,Ap #404-5303 Nec Avenue,(631) 288-4751,ac.metus@icloud.org
ipsum,Jordan,Rowe,"P.O. Box 156, 2593 Duis Avenue",1-256-682-9355,tellus.sem@outlook.org
et,Yasir,Knox,"Ap #179-8201 Lorem, Street",1-827-684-1553,ridiculus@google.net
erat,Kyra,Bishop,"481-5834 Pharetra, Rd.",1-438-608-8234,donec.egestas.aliquam@protonmail.com
"placerat,",Lars,Snow,703-4978 Euismod Street,1-653-576-1897,dignissim.tempor.arcu@yahoo.ca
ultrices,Ori,Blanchard,486-2166 Metus. Rd.,1-369-669-3524,vestibulum.ut@icloud.net
viverra.,Wayne,Holman,8374 Aliquam Street,(601) 918-3288,vehicula.pellentesque@protonmail.net
aliquet,Tyrone,Clemons,Ap #228-912 Ipsum St.,1-644-368-6631,nascetur.ridiculus@hotmail.ca
"vulputate,",Reese,Nielsen,"P.O. Box 368, 9444 Duis Avenue",1-274-312-2392,auctor.mauris@aol.com
auctor,Hop,Heath,2612 Et St.,1-756-218-2895,semper.et@google.edu
Ut,Hashim,Finley,6106 Eu Ave,1-761-596-2783,integer.sem@icloud.edu
eu,Finn,Nunez,865-5475 Eros. St.,(771) 116-7753,est.ac@icloud.net
a,Garrison,Miles,"2908 Odio, Ave",1-273-316-1345,tellus.phasellus.elit@icloud.com
"nec,",Alfreda,Santana,992-4662 Non St.,(817) 627-3860,nulla.integer@outlook.net
Lorem,Ariana,Best,997-4934 Neque. Avenue,1-416-396-9612,pharetra.quisque@aol.ca
erat.,Mannix,Watts,"470-5910 Pede, Av.",1-493-753-2663,a@hotmail.couk
Phasellus,Sylvester,Burns,844-1197 Mauris Street,(444) 511-6217,malesuada.id@outlook.com
Proin,Carissa,Hurst,"P.O. Box 174, 3283 Sagittis Av.",(968) 281-5788,varius@protonmail.ca
egestas,Yvonne,Vaughan,Ap #744-1873 Nibh. Avenue,(732) 605-7555,cursus.diam@icloud.edu
natoque,Kyle,Hammond,"P.O. Box 985, 9523 Blandit. Road",(458) 687-6466,aliquam.vulputate@google.ca
nec,Tamekah,Bell,167-662 Morbi Street,(447) 975-9677,a@outlook.net
volutpat,Emerson,Burgess,"800-9742 Amet, Rd.",(759) 224-6833,amet.consectetuer@protonmail.org
massa,Julian,Barber,919-189 Donec St.,(285) 489-2273,et.malesuada@google.ca
in,Cassady,Barnett,"P.O. Box 861, 791 Adipiscing St.",1-171-725-0745,odio.semper@aol.com
vitae,Alyssa,Gallegos,Ap #791-2759 Amet Ave,1-288-522-5662,orci@google.net
leo.,Cameron,Stephens,296-3819 Sed St.,1-511-691-8358,urna.vivamus@outlook.couk
egestas,Rafael,Day,828-8163 Eget Rd.,1-629-138-3474,sodales.nisi.magna@aol.com
dolor,Irene,Cortez,"185-2233 Nec, Road",1-831-515-0274,tempus@hotmail.edu
ac,Phoebe,Espinoza,"P.O. Box 364, 1242 Cum Rd.",1-664-438-2713,cursus.integer.mollis@aol.ca
felis,Xandra,Blair,"P.O. Box 649, 2981 Eget Av.",1-481-421-5368,habitant.morbi.tristique@hotmail.edu
molestie,Kimberley,Forbes,Ap #658-4495 Est. Ave,(770) 828-6504,interdum.ligula.eu@hotmail.couk
sagittis,Kay,Dejesus,Ap #513-9374 Quis Street,(636) 561-6544,risus.morbi.metus@hotmail.edu
diam.,Martina,Ward,328-6404 Pede Road,1-934-441-7826,sed.consequat@icloud.net
"montes,",Selma,Summers,276-9118 Sodales St.,(644) 355-3965,mauris.integer@hotmail.org
nec,Joan,Pennington,Ap #813-3165 Mauris Street,(267) 785-3856,placerat.orci@protonmail.com
Donec,Jacqueline,Ratliff,"P.O. Box 726, 6981 Ligula Rd.",(130) 957-8217,nonummy.fusce.fermentum@google.net
Nam,Slade,Bass,706-6680 Natoque Avenue,(328) 241-2618,faucibus.leo@icloud.ca
scelerisque,Benedict,Gomez,"P.O. Box 609, 8313 Vehicula. Rd.",(548) 548-5831,et@hotmail.com
est,Audrey,Mccoy,Ap #407-3916 Tincidunt Av.,(787) 497-5725,fames.ac.turpis@protonmail.ca
Integer,Lane,Morin,"P.O. Box 350, 604 Amet Road",1-777-160-1413,lorem.eget.mollis@icloud.edu
"vitae,",Susan,Cook,430-6369 Sed St.,(383) 687-0377,nullam.suscipit@outlook.com
Pellentesque,Marshall,Burnett,Ap #895-7884 Tempus Ave,1-839-825-3641,neque.vitae@protonmail.org
velit.,Oliver,Hubbard,"P.O. Box 918, 3114 Ullamcorper Rd.",1-423-813-3529,sagittis.semper@google.net
"lorem,",Robin,Strong,"P.O. Box 463, 3911 Primis St.",(735) 243-1827,ultricies.ornare@icloud.edu
libero,Emi,Jackson,594-7615 Dictum Road,(894) 540-0529,mauris.integer.sem@google.org
id,Bradley,Raymond,8417 Lacus. Ave,(857) 744-0503,libero.donec@hotmail.ca
Integer,Nathaniel,Mcpherson,7050 Maecenas Rd.,1-585-642-3212,malesuada@yahoo.com
vel,Nerea,Rosa,487-7593 Enim. Ave,(790) 888-7433,libero.mauris@yahoo.ca
cursus.,Sonya,Gallegos,Ap #574-2954 Odio Av.,1-575-318-8195,fringilla.porttitor.vulputate@icloud.ca
"montes,",Jack,Gillespie,Ap #269-9659 Maecenas Ave,1-310-236-2442,vivamus@aol.net
dolor,Hammett,Roy,4392 Malesuada Road,1-234-435-1249,rutrum.fusce@hotmail.couk
luctus.,Kareem,Dalton,"P.O. Box 714, 6488 Neque Rd.",1-845-968-3818,pulvinar@icloud.net
Cras,Damian,Christian,Ap #513-7515 Et Avenue,(537) 965-2614,aliquam.enim@icloud.couk
massa,Kenyon,Strong,369-9448 Phasellus Road,1-924-283-7523,sem.elit@outlook.couk
posuere,Eve,Jenkins,282-1996 Ultricies Rd.,1-397-116-4570,vestibulum.ante@aol.net
posuere,Richard,Colon,Ap #167-3486 Eu Av.,(414) 773-7263,mauris.magna@hotmail.net
ligula.,Owen,Ellis,"868-7343 Eu, Ave",1-832-112-6851,magna@hotmail.couk
cursus,Heidi,Booth,799-9132 Mollis. Avenue,(111) 788-1167,magna.duis.dignissim@hotmail.couk
pede.,Christine,Parks,"556-8196 Enim, St.",(764) 847-5021,dui.nec@icloud.edu
massa.,Dawn,Humphrey,404-8371 Sed Av.,(413) 222-5277,ornare.lectus@aol.couk
auctor,Lamar,Beard,Ap #509-9449 Mauris St.,1-748-538-1155,massa.integer@outlook.org
malesuada,Zephania,Battle,"P.O. Box 386, 6764 Purus Avenue",(834) 455-3679,odio@yahoo.org
"nec,",Adam,Mcdowell,Ap #767-5476 Purus St.,1-544-671-5654,sem.consequat@outlook.com
tristique,Quyn,Ferguson,"7337 Sed, St.",1-160-753-8737,sem.nulla@protonmail.org
est.,Avram,Landry,874-9408 Amet St.,(327) 784-0572,augue@hotmail.com
arcu.,Inez,Kim,1598 Aliquam St.,1-822-635-6669,magna.nam@protonmail.net
eu,Rowan,Short,6517 Molestie Av.,(351) 426-7875,blandit.nam@hotmail.ca
"orci,",May,Marshall,714-2346 Tempor St.,(737) 253-6439,pede.suspendisse@hotmail.net
consequat,Sophia,Hebert,247-192 Ut St.,1-936-825-1103,nibh.vulputate.mauris@hotmail.couk
In,Ivory,Hickman,"Ap #782-2392 Luctus, Street",1-461-854-4254,dapibus.id.blandit@outlook.org
"erat,",Harding,Chan,"473-9542 Elit, St.",1-281-571-8669,aenean.gravida@icloud.com
nisl.,Hillary,Irwin,"P.O. Box 511, 8237 Sodales. Av.",(657) 303-7656,donec.luctus.aliquet@hotmail.couk
ipsum,Cameran,Palmer,134-994 Sem St.,(646) 853-1765,ornare.lectus.ante@protonmail.edu
lobortis,Avram,Hart,5660 Vel Av.,1-467-768-5655,posuere.cubilia@icloud.com
sociis,Chanda,Franklin,Ap #152-5159 Aliquet Avenue,(655) 715-8792,consectetuer.adipiscing@protonmail.couk
penatibus,Bell,Parrish,3689 Fermentum Avenue,(332) 753-3343,dolor@aol.couk
et,Drake,Estes,"3381 Lobortis, Rd.",1-983-795-8136,duis@icloud.couk
velit.,Scarlet,Dunlap,433-5680 Nunc St.,1-782-725-2272,nullam.vitae@protonmail.ca
feugiat,Brielle,Fischer,676-2554 Ipsum Avenue,(252) 671-1466,tincidunt.nunc@icloud.edu
dui,Amery,Hahn,394-7181 Malesuada Ave,(716) 214-4193,ut@yahoo.ca
nisi.,Kevin,Nixon,1442 Non Rd.,1-394-198-0587,cursus@protonmail.ca
"iaculis,",Sierra,Rodgers,Ap #603-3501 Pede. Rd.,1-672-259-7573,lectus.quis@protonmail.com
"nec,",Rowan,Kirk,4414 Velit. Rd.,(470) 886-2077,penatibus.et@protonmail.org
rhoncus.,Skyler,Dejesus,Ap #511-9650 Sociis Street,(726) 442-7344,egestas.duis.ac@yahoo.ca
fermentum,Mari,Conrad,8050 Sodales. Rd.,(482) 586-0727,vitae.velit.egestas@outlook.com
